{
    "accuracy": 0.9383017715332926,
    "precision": 0.8167539267015707,
    "recall": 0.7027027027027027
}
