{
    "accuracy": 0.938912645082468,
    "precision": 0.8080808080808081,
    "recall": 0.7207207207207207
}
